"BTC","BCH","LTC","XMR"
"0.00000000","0.00037305","0.0070358030926336","0.253292460761"
"0.00000000","0.00037305","0.0070358030926336","0.254164171252"
"0.00000000","0.00037305","0.0070358030926336","0.255014386068"
"0.00000000","0.00037305","0.0070358030926336","0.255944769552"
"0.00000000","0.00037305","0.0070358030926336","0.256744980668"
"0.00000000","0.00037305","0.0070358030926336","0.257198677683"
"0.00000000","0.00037305","0.0070358030926336","0.257198677683"
"0.00000000","0.00037305","0.0070358030926336","0.258884775127"
"0.00000000","0.00037305","0.0070358030926336","0.259368723281"
"0.00000000","0.00037305","0.0070358030926336","0.260437896358"
"0.00000000","0.00037305","0.0070358030926336","0.261427569736"
"0.00000000","0.00037305","0.0070358030926336","0.261905023293"
"0.00000000","0.00037305","0.0070358030926336","0.262631546511"
"0.00000000","0.00037305","0.0070358030926336","0.263308167354"
"0.00000000","0.00037305","0.0070358030926336","0.263536881637"
"0.00000000","0.00037305","0.0070358030926336","0.263789880341"
"0.00000000","0.00037305","0.0070358030926336","0.263789880341"
"0.00000000","0.00037305","0.0070358030926336","0.264850002948"
"0.00000000","0.00037305","0.0070358030926336","0.265117440975"
"0.00000000","0.00037305","0.0070358030926336","0.265991882636"
"0.00000000","0.00037305","0.0070358030926336","0.2669025169"
"0.00000000","0.00037305","0.0070358030926336","0.267835135142"
"0.00000000","0.00037305","0.0070358030926336","0.268075034013"
"0.00000000","0.00037305","0.0070358030926336","0.268997921588"
"0.00000000","0.00037305","0.0070358030926336","0.26922311938"
"0.00000000","0.00037305","0.0070358030926336","0.269667071265"
"0.00000000","0.00037305","0.0070358030926336","0.26988093252"
"0.00000000","0.00037305","0.0070358030926336","0.270483413897"
"0.00000000","0.00037305","0.0070358030926336","0.271010686733"
"0.00000000","0.00037305","0.0070358030926336","0.271687518426"
"0.00000000","0.00037305","0.0070358030926336","0.271909946854"
"0.00000000","0.00037305","0.0070358030926336","0.272928145387"
"0.00000000","0.00037305","0.0070358030926336","0.273227301289"
"0.00000000","0.00037305","0.0070358030926336","0.273841851272"
"0.00000000","0.00037305","0.0070358030926336","0.274090752694"
"0.00000000","0.00037305","0.0070358030926336","0.27492085193"
"0.00000000","0.00037305","0.0070358030926336","0.275099108586"
"0.00000000","0.00037305","0.0070358030926336","0.275650318741"
"0.00000000","0.00037305","0.0070358030926336","0.276080134636"
"0.00000000","0.00037305","0.0070358030926336","0.277085001189"
"0.00000000","0.00037305","0.0070358030926336","0.278269175046"
"0.00000000","0.00037305","0.0070358030926336","0.278770927767"
"0.00000000","0.00037305","0.0070358030926336","0.279573265859"
"0.00000000","0.00037305","0.0070358030926336","0.280682796048"
"0.00000000","0.00037305","0.0070358030926336","0.280939090856"
"0.00000000","0.00037305","0.0070358030926336","0.2813829146"
"0.00000000","0.00037305","0.0070358030926336","0.282061457723"
"0.00000000","0.00037305","0.0070358030926336","0.282781189612"
"0.00000000","0.00037305","0.0070358030926336","0.283364159303"
"0.00000000","0.00037305","0.0070358030926336","0.284466743836"
"0.00000000","0.00037305","0.0070358030926336","0.285989961861"
"0.00000000","0.00037305","0.0070358030926336","0.286608873122"
"0.00000000","0.00037305","0.0070358030926336","0.287235020019"
"0.00000000","0.00037305","0.0070358030926336","0.287730416324"
"0.00000000","0.00037305","0.0070358030926336","0.287955832444"
"0.00000000","0.00037305","0.0070358030926336","0.287955832444"
"0.00000000","0.00037305","0.0070358030926336","0.289086705788"
"0.00000000","0.00037305","0.0070358030926336","0.28932808963"
"0.00000000","0.00037305","0.0070358030926336","0.28985731472"
"0.00000000","0.00037305","0.0070358030926336","0.290945667828"
"0.00000000","0.00037305","0.0070358030926336","0.291223306712"
"0.00000000","0.00037305","0.0070358030926336","0.291497294588"
"0.00000000","0.00037305","0.0070358030926336","0.292985322038"
"0.00000000","0.00037305","0.0070358030926336","0.293819053841"
"0.00000000","0.00037305","0.0070358030926336","0.294021490585"
"0.00000000","0.00037305","0.0070358030926336","0.294678648076"
"0.00000000","0.00037305","0.0070358030926336","0.295626896538"
"0.00000000","0.00037305","0.0070358030926336","0.296230887654"
"0.00000000","0.00037305","0.0070358030926336","0.29675503871"
"0.00000000","0.00037305","0.0070358030926336","0.297548752931"
"0.00000000","0.00037305","0.0070358030926336","0.298180971853"
"0.00000000","0.00037305","0.0070358030926336","0.299170767446"
"0.00000000","0.00037305","0.0070358030926336","0.299170767446"
"0.00000000","0.00037305","0.0070358030926336","0.300468612969"
"0.00000000","0.00037305","0.0070358030926336","0.301055810912"
"0.00000000","0.00037305","0.0070358030926336","0.301808539849"
"0.00000000","0.00037305","0.0070358030926336","0.303315705027"
"0.00000000","0.00037305","0.0070358030926336","0.303805470953"
"0.00000000","0.00037305","0.0070358030926336","0.304349604934"
"0.00000000","0.00037305","0.0070358030926336","0.305050785751"
"0.00000000","0.00037305","0.0070358030926336","0.305681555587"
"0.00000000","0.00037305","0.0070358030926336","0.306118744224"
"0.00000000","0.00037305","0.0070358030926336","0.306800983611"
"0.00000000","0.00037305","0.0070358030926336","0.308053820975"
"0.00000000","0.00037305","0.0070358030926336","0.308507309559"
"0.00000000","0.00037305","0.0070358030926336","0.309205369718"
"0.00000000","0.00037305","0.0070358030926336","0.309452308524"
"0.00000000","0.00037305","0.0070358030926336","0.30969224915"
"0.00000000","0.00037305","0.0070358030926336","0.30969224915"
"0.00000000","0.00037305","0.0070358030926336","0.30969224915"
"0.00000000","0.00037305","0.0070358030926336","0.310680692574"
"0.00000000","0.00037305","0.0070358030926336","0.311122098671"
"0.00000000","0.00037305","0.0070358030926336","0.311591961782"
"0.00000000","0.00037305","0.0070358030926336","0.312020631869"
"0.00000000","0.00037305","0.0070358030926336","0.313029663231"
"0.00000000","0.00037305","0.0070358030926336","0.313720781976"
"0.00000000","0.00037305","0.0070358030926336","0.314605767848"
"0.00000000","0.00037305","0.0070358030926336","0.315841273021"
"0.00000000","0.00037305","0.0070358030926336","0.316733825888"
"0.00000000","0.00037305","0.0070358030926336","0.317787842737"
"0.00000000","0.00037305","0.0070358030926336","0.319361309076"
"0.00000000","0.00037305","0.0070358030926336","0.319983968582"
"0.00000000","0.00037305","0.0070358030926336","0.320503319104"
"0.00000000","0.00037305","0.0070358030926336","0.320721718014"
"0.00000000","0.00037305","0.0070358030926336","0.321780177852"
"0.00000000","0.00037305","0.0070358030926336","0.322866628257"
"0.00000000","0.00037305","0.0070358030926336","0.324196233157"
"0.00000000","0.00037305","0.0070358030926336","0.325951126047"
"0.00000000","0.00037305","0.0070358030926336","0.327065489744"
"0.00000000","0.00037305","0.0070358030926336","0.327321635372"
"0.00000000","0.00037305","0.0070358030926336","0.327968888576"
"0.00000000","0.00037305","0.0070358030926336","0.328386489268"
"0.00000000","0.00037305","0.0070358030926336","0.329401083518"
"0.00000000","0.00037305","0.0070358030926336","0.330015252988"
"0.00000000","0.00037305","0.0070358030926336","0.330476773399"
"0.00000000","0.00037305","0.0070358030926336","0.330476773399"
"0.00000000","0.00037305","0.0070358030926336","0.330941760418"
"0.00000000","0.00037305","0.0070358030926336","0.330941760418"
"0.00000000","0.00037305","0.0070358030926336","0.331495562255"
"0.00000000","0.00037305","0.0070358030926336","0.331747170682"
"0.00000000","0.00037305","0.0070358030926336","0.332117045654"
"0.00000000","0.00037305","0.0070358030926336","0.332826535235"
"0.00000000","0.00037305","0.0070358030926336","0.333341598263"
"0.00000000","0.00037305","0.0070358030926336","0.334164689279"
"0.00000000","0.00037305","0.0070358030926336","0.334688005847"
"0.00000000","0.00037305","0.0070358030926336","0.334688005847"
"0.00000000","0.00037305","0.0070358030926336","0.334688005847"
"0.00000000","0.00037305","0.0070358030926336","0.338204937244"
"0.00000000","0.00037305","0.0070358030926336","0.33904270015"
"0.00000000","0.00037305","0.0070358030926336","0.33904270015"
"0.00000000","0.00037305","0.0070358030926336","0.339437120493"
"0.00000000","0.00037305","0.0070358030926336","0.340190957717"
"0.00000000","0.00037305","0.0070358030926336","0.340635542951"
"0.00000000","0.00037305","0.0070358030926336","0.341728809268"
"0.00000000","0.00037305","0.0070358030926336","0.342293616713"
"0.00000000","0.00037305","0.0070358030926336","0.342687895855"
"0.00000000","0.00037305","0.0070358030926336","0.342972632123"
"0.00000000","0.00037305","0.0070358030926336","0.343237784702"
"0.00000000","0.00037305","0.0070358030926336","0.344973318947"
"0.00000000","0.00037305","0.0070358030926336","0.345277448031"
"0.00000000","0.00037305","0.0070358030926336","0.346305808891"
"0.00000000","0.00037305","0.0070358030926336","0.346892464374"
"0.00000000","0.00037305","0.0070358030926336","0.347409482683"
"0.00000000","0.00037305","0.0070358030926336","0.347913209066"
"0.00000000","0.00037305","0.0070358030926336","0.349610252278"
"0.00000000","0.00037305","0.0070358030926336","0.351226358913"
"0.00000000","0.00037305","0.0070358030926336","0.352250196066"
"0.00000000","0.00037305","0.0070358030926336","0.352955934531"
"0.00000000","0.00037305","0.0070358030926336","0.353722317951"
"0.00000000","0.00037305","0.0070358030926336","0.354244050475"
"0.00000000","0.00037305","0.0070358030926336","0.355267761819"
"0.00000000","0.00037305","0.0070358030926336","0.356234287443"
"0.00000000","0.00037305","0.0070358030926336","0.357355034064"
"0.00000000","0.00037305","0.0070358030926336","0.358209281513"
"0.00000000","0.00037305","0.0070358030926336","0.359545360725"
"0.00000000","0.00037305","0.0070358030926336","0.359545360725"
"0.00000000","0.00037305","0.0070358030926336","0.359822117559"
"0.00000000","0.00037305","0.0070358030926336","0.360188449807"
"0.00000000","0.00037305","0.0070358030926336","0.361081004085"
"0.00000000","0.00037305","0.0070358030926336","0.361562896658"
"0.00000000","0.00037305","0.0070358030926336","0.361787881394"
"0.00000000","0.00037305","0.0070358030926336","0.362293499406"
"0.00000000","0.00037305","0.0070358030926336","0.363185974379"
"0.00000000","0.00037305","0.0070358030926336","0.363684757275"
"0.00000000","0.00037305","0.0070358030926336","0.364410115241"
"0.00000000","0.00037305","0.0070358030926336","0.365032298857"
"0.00000000","0.00037305","0.0070358030926336","0.365434361045"
"0.00000000","0.00037305","0.0070358030926336","0.366540906477"
"0.00000000","0.00037305","0.0070358030926336","0.367207835716"
"0.00000000","0.00037305","0.0070358030926336","0.368450548568"
"0.00000000","0.00037305","0.0070358030926336","0.369642165048"
"0.00000000","0.00037305","0.0070358030926336","0.369896197198"
"0.00000000","0.00037305","0.0070358030926336","0.370978590724"
"0.00000000","0.00037305","0.0070358030926336","0.371416137499"
"0.00000000","0.00037305","0.0070358030926336","0.37166218185"
"0.00000000","0.00037305","0.0070358030926336","0.372388137976"
"0.00000000","0.00037305","0.0070358030926336","0.372656820217"
"0.00000000","0.00037305","0.0070358030926336","0.374082330505"
"0.00000000","0.00037305","0.0070358030926336","0.374337665547"
"0.00000000","0.00037305","0.0070358030926336","0.374872641435"
"0.00000000","0.00037305","0.0070358030926336","0.375869038489"
"0.00000000","0.00037305","0.0070358030926336","0.376701659425"
"0.00000000","0.00037305","0.0070358030926336","0.376988103436"
"0.00000000","0.00037305","0.0070358030926336","0.377515441194"
"0.00000000","0.00037305","0.0070358030926336","0.377735519056"
"0.00000000","0.00037305","0.0070358030926336","0.378660765528"
"0.00000000","0.00037305","0.0070358030926336","0.379374771695"
"0.00000000","0.00037305","0.0070358030926336","0.3800467763"
"0.00000000","0.00037305","0.0070358030926336","0.380505002763"
"0.00000000","0.00037305","0.0070358030926336","0.380946676547"
"0.00000000","0.00037305","0.0070358030926336","0.381618445134"
"0.00000000","0.00037305","0.0070358030926336","0.381996642758"
"0.00000000","0.00037305","0.0070358030926336","0.382362992838"
"0.00000000","0.00037305","0.0070358030926336","0.382995358017"
"","","0.0070358030926336","0.383621844705"
"0.00000000","0.00037305","0.0070358030926336","0.384026458254"
"0.00000000","0.00037305","0.0070358030926336","0.384026458254"
"0.00000000","0.00037305","0.0070358030926336","0.38426421457"
"0.00000000","0.00037305","0.0070358030926336","0.38426421457"
"0.00000000","0.00037305","0.0070358030926336","0.38426421457"
"0.00000000","0.00037305","0.0070358030926336","0.38518535266"
"0.00000000","0.00037305","0.0070358030926336","0.389091968917"
"0.00000000","0.00037305","0.0070358030926336","0.391108790847"
"0.00000000","0.00037305","0.0070358030926336","0.392601359647"
"0.00000000","0.00037305","0.0070358030926336","0.394039339243"
"0.00000000","0.00037305","0.0070358030926336","0.395506329775"
"0.00000000","0.00037305","0.0070358030926336","0.396222980125"
"0.00000000","0.00037305","0.0070358030926336","0.39658635617"
"0.00000000","0.00037305","0.0070358030926336","0.397459829091"
"0.00000000","0.00037305","0.0070358030926336","0.39845970062"
"0.00000000","0.00037305","0.0070358030926336","0.399990458363"
"0.00000000","0.00037305","0.0070358030926336","0.400234462494"
"0.00000000","0.00037305","0.0070358030926336","0.401551065967"
"0.00000000","0.00037305","0.0070358030926336","0.402247837916"
"0.00000000","0.00037305","0.0070358030926336","0.403036617202"
"0.00000000","0.00037305","0.0070358030926336","0.404047550359"
"0.00000000","0.00037305","0.0070358030926336","0.404498999372"
"0.00000000","0.00037305","0.0070358030926336","0.405730207871"
"0.00000000","0.00037305","0.0070358030926336","0.407323070086"
"0.00000000","0.00037305","0.0070358030926336","0.408006947089"
"0.00000000","0.00037305","0.0070358030926336","0.408236444054"
"0.00000000","0.00037305","0.0070358030926336","0.408236444054"
"0.00000000","0.00037305","0.0070358030926336","0.40888178691"
"0.00000000","0.00037305","0.0070358030926336","0.409790158381"
"0.00000000","0.00037305","0.0070358030926336","0.41028888408"
"0.00000000","0.00037305","0.0070358030926336","0.411298022875"
"0.00000000","0.00037305","0.0070358030926336","0.411746015656"
"0.00000000","0.00037305","0.0070358030926336","0.412210496877"
"0.00000000","0.00037305","0.0070358030926336","0.413486508424"
"0.00000000","0.00037305","0.0070358030926336","0.413486508424"
"0.00000000","0.00037305","0.0070358030926336","0.41402688999"
"0.00000000","0.00037305","0.0070358030926336","0.414665204404"
"0.00000000","0.00037305","0.0070358030926336","0.415753334166"
"0.00000000","0.00037305","0.0070358030926336","0.416952506162"
"0.00000000","0.00037305","0.0070358030926336","0.417246729704"
"0.00000000","0.00037305","0.0070358030926336","0.417246729704"
"0.00000000","0.00037305","0.0070358030926336","0.418823189195"
"0.00000000","0.00037305","0.0070358030926336","0.419336753338"
"0.00000000","0.00037305","0.0070358030926336","0.420253550032"
"0.00000000","0.00037305","0.0070358030926336","0.421053251967"
"0.00000000","0.00037305","0.0070358030926336","0.421779321615"
"0.00000000","0.00037305","0.0070358030926336","0.422224899993"
"0.00000000","0.00037305","0.0070358030926336","0.422756314252"
"0.00000000","0.00037305","0.0070358030926336","0.423213455678"
"0.00000000","0.00037305","0.0070358030926336","0.423622973623"
"0.00000000","0.00037305","0.0070358030926336","0.424057017989"
"0.00000000","0.00037305","0.0070358030926336","0.424560923221"
"0.00000000","0.00037305","0.0070358030926336","0.424969840865"
"0.00000000","0.00037305","0.0070358030926336","0.425634856884"
"0.00000000","0.00037305","0.0070358030926336","0.425906424515"
"0.00000000","0.00037305","0.0070358030926336","0.426296823363"
"0.00000000","0.00037305","0.0070358030926336","0.426868047196"
"0.00000000","0.00037305","0.0070358030926336","0.427888124323"
"0.00000000","0.00037305","0.0070358030926336","0.428438438102"
"0.00000000","0.00037305","0.0070358030926336","0.429474698643"
"0.00000000","0.00037305","0.0070358030926336","0.429733244268"
"0.00000000","0.00037305","0.0070358030926336","0.429956234551"
"0.00000000","0.00037305","0.0070358030926336","0.429956234551"
"0.00000000","0.00037305","0.0070358030926336","0.430785977638"
"0.00000000","0.00037305","0.0070358030926336","0.431441198374"
"0.00000000","0.00037305","0.0070358030926336","0.432057143103"
"0.00000000","0.00037305","0.0070358030926336","0.432359442219"
"0.00000000","0.00037305","0.0070358030926336","0.432864626464"
"0.00000000","0.00037305","0.0070358030926336","0.43321050938"
"0.00000000","0.00037305","0.0070358030926336","0.433693218912"
"0.00000000","0.00037305","0.0070358030926336","0.434432503156"
"0.00000000","0.00037305","0.0070358030926336","0.43510647276"
"0.00000000","0.00037305","0.0070358030926336","0.436082689908"
"0.00000000","0.00037305","0.0070358030926336","0.43729285554"
"0.00000000","0.00037305","0.0070358030926336","0.439106052255"
"0.00000000","0.00037305","0.0070358030926336",""
"0.00000000","0.00037305","0.0070358030926336",""
"0.00000000","0.00037305","0.0070358030926336",""
"0.00000000","0.00037305","0.0070358030926336","0.440702232107"
"0.00000000","0.00037305","0.0070358030926336","0.441486186224"
"0.00000000","0.00037305","0.0070358030926336","0.442116942441"
"0.00000000","0.00037305","0.0070358030926336","0.442676359289"
"0.00000000","0.00037305","0.0070358030926336","0.443401688238"
"0.00000000","0.00037305","0.0070358030926336","0.444214764611"
"0.00000000","0.00037305","0.0070358030926336","0.444659744224"
"0.00000000","0.00037305","0.0070358030926336","0.445294365162"
"0.00000000","0.00037305","0.0070358030926336","0.445574776532"
"0.00000000","0.00037305","0.0070358030926336","0.446104452835"
"0.00000000","0.00037305","0.0070358030926336","0.446434009903"
"0.00000000","0.00037305","0.0070358030926336","0.446588079435"
"0.00000000","0.00037305","0.0070358030926336","0.447696756055"
"0.00000000","0.00037305","0.0070358030926336","0.448945303501"
"0.00000000","0.00037305","0.0070358030926336","0.449192601793"
"0.00000000","0.00037305","0.0070358030926336","0.450327684725"
"0.00000000","0.00037305","0.0070358030926336","0.450750457938"
"0.00000000","0.00037305","0.0070358030926336","0.451570715954"
"0.00000000","0.00037305","0.0070358030926336","0.45180831332"
"0.00000000","0.00037305","0.0070358030926336","0.452048969579"
"0.00000000","0.00037305","0.0070358030926336","0.452605276481"
"0.00000000","0.00037305","0.0070358030926336","0.452825971043"
"0.00000000","0.00037305","0.0070358030926336","0.453531945639"
"0.00000000","0.00037305","0.0070358030926336","0.454677052845"
"0.00000000","0.00037305","0.0070358030926336","0.45485659305"
"0.00000000","0.00037305","0.0070358030926336","0.455575526731"
"0.00000000","0.00037305","0.0070358030926336",""
"0.00000000","0.00037305","0.0070358030926336",""
"0.00000000","0.00037305","0.0070358030926336",""
"0.00000000","0.00037305","0.0070358030926336",""
"0.00000000","0.00037305","0.0070358030926336",""
"0.00000000","0.00037305","0.0070358030926336",""
"0.00000000","0.00037305","0.0070358030926336",""
"0.00000000","0.00037305","0.0070358030926336",""
"0.00000000","0.00037305","0.0070358030926336","0.462233880754"
"0.00000000","0.00037305","0.0070358030926336","0.462901453079"
"0.00000000","0.00037305","0.0070358030926336","0.463949001414"
"0.00000000","0.00037305","0.0070358030926336",""
"0.00000000","0.00037305","0.0070358030926336",""
"0.00000000","0.00037305","0.0070358030926336",""
"0.00000000","0.00037305","0.0070358030926336",""
"0.00000000","0.00037305","0.0070358030926336",""
"0.00000000","0.00037305","0.0070358030926336",""
"0.00000000","0.00037305","0.0070358030926336","0.465429394494"
"0.00000000","0.00037305","0.0070358030926336","0.465429394494"
"0.00000000","0.00037305","0.0070358030926336",""
"0.00000000","0.00037305","0.0070358030926336",""
"0.00000000","0.00037305","0.0070358030926336",""
"0.00000000","0.00037305","0.0070358030926336",""
"0.00000000","0.00037305","0.0070358030926336",""
"0.00000000","0.00037305","0.0070358030926336",""
"0.00000000","0.00037305","0.0070358030926336","0.465429394494"
"0.00000000","0.00037305","0.0070358030926336","0.465429394494"
"0.00000000","0.00037305","0.0070358030926336","0.465429394494"
"0.00000000","0.00037305","0.0070358030926336","0.465429394494"
"0.00000000","0.00037305","0.0070358030926336","0.465429394494"
"0.00000000","0.00037305","0.0070358030926336","0.465429394494"
"0.00000000","0.00037305","0.0070358030926336","0.465429394494"
"0.00000000","0.00037305","0.0070358030926336","0.465429394494"
"0.00000000","0.00037305","0.0070358030926336","0.466579262378"
"0.00000000","0.00037305","0.0070358030926336","0.475373039158"
"0.00000000","0.00037305","0.0070358030926336","0.480727105108"
"0.00000000","0.00037305","0.0070358030926336","0.481151632282"
"0.00000000","0.00037305","0.0070358030926336","0.481607094456"
"0.00000000","0.00037305","0.0070358030926336","0.482093691839"
"0.00000000","0.00037305","0.0070358030926336","0.482737133991"
"0.00000000","0.00037305","0.0070358030926336","0.483624889768"
"0.00000000","0.00037305","0.0070358030926336",""
"0.00000000","0.00037305","0.0070358030926336","0.484413062345"
"0.00000000","0.00037305","0.0070358030926336","0.484725218311"
"0.00000000","0.00037305","0.0070358030926336","0.486384583308"
"0.00000000","0.00037305","0.0070358030926336","0.486659281369"
"0.00000000","0.00037305","0.0070358030926336","0.486926981431"
"0.00000000","0.00037305","0.0070358030926336","0.487721109243"
"0.00000000","0.00037305","0.0070358030926336","0.488798075402"
"0.00000000","0.00037305","0.0070358030926336","0.491272819463"
"0.00000000","0.00037305","0.0070358030926336","0.491759238044"
"0.00000000","0.00037305","0.0070358030926336","0.49258097388"
"0.00000000","0.00037305","0.0070358030926336","0.492793877299"
"0.00000000","0.00037305","0.0070358030926336","0.494383737127"
"0.00000000","0.00037305","0.0070358030926336","0.49577559723"
"0.00000000","0.00037305","0.0070358030926336","0.496167177962"
"0.00000000","0.00037305","0.0070358030926336","0.497343767969"
"0.00000000","0.00037305","0.0070358030926336","0.497636119281"
"0.00000000","0.00037305","0.0070358030926336","0.498268262274"
"0.00000000","0.00037305","0.0070358030926336","0.498268262274"
"0.00000000","0.00037305","0.0070358030926336","0.499696057664"
"0.00000000","0.00037305","0.0070358030926336","0.501155405596"
"0.00000000","0.00037305","0.0070358030926336","0.000544089196"
"0.00000000","0.00037305","0.0070358030926336","0.001117092681"
"0.00000000","0.00037305","0.0070358030926336","0.001746470018"
"0.00000000","0.00037305","0.0070358030926336","0.002801390208"
"0.00000000","0.00037305","0.0070358030926336","0.003415723393"
"0.00000000","0.00037305","0.0070358030926336","0.004253048737"
"0.00000000","0.00037305","0.0070358030926336","0.00499508604"
"0.00000000","0.00037305","0.0070358030926336","0.006367548753"
"0.00000000","0.00037305","0.0070358030926336","0.00894123948"
"0.00000000","0.00037305","0.0070358030926336","0.010415067301"
"0.00000000","0.00037305","0.0070358030926336","0.011136445148"
"0.00000000","0.00037305","0.0070358030926336","0.012125465527"
"0.00000000","0.00037305","0.0070358030926336","0.012125465527"
"0.00000000","0.00037305","0.0070358030926336","0.012457523048"
"0.00000000","0.00037305","0.0070358030926336","0.013215356374"
"0.00000000","0.00037305","0.0070358030926336","0.013935507625"
"0.00000000","0.00037305","0.0070358030926336","0.015752554783"
"0.00000000","0.00037305","0.0070358030926336","0.016673336083"
"0.00000000","0.00037305","0.0070358030926336","0.017383899431"
"0.00000000","0.00037305","0.0070358030926336","0.017810160229"
"0.00000000","0.00037305","0.0070358030926336","0.018416865299"
"0.00000000","0.00037305","0.0070358030926336","0.018852194313"
"0.00000000","0.00037305","0.0070358030926336","0.019524287199"
"0.00000000","0.00037305","0.0070358030926336","0.019762139578"
"0.00000000","0.00037305","0.0070358030926336","0.0212484318"
"0.00000000","0.00037305","0.0070358030926336","0.021668798366"
"0.00000000","0.00037305","0.0070358030926336","0.021917730655"
"0.00000000","0.00037305","0.0070358030926336","0.022419143963"
"0.00000000","0.00037305","0.0070358030926336","0.023836144996"
"0.00000000","0.00037305","0.0070358030926336","0.024372335744"
"0.00000000","0.00037305","0.0070358030926336","0.025501879365"
"0.00000000","0.00037305","0.0070358030926336","0.026005692695"
"0.00000000","0.00037305","0.0070358030926336","0.027041044339"
"0.00000000","0.00037305","0.0070358030926336","0.027470623098"
"0.00000000","0.00037305","0.0070358030926336","0.028415651015"
"0.00000000","0.00037305","0.0070358030926336","0.029192247499"
"0.00000000","0.00037305","0.0070358030926336","0.029192247499"
"0.00000000","0.00037305","0.0070358030926336","0.029714894666"
"0.00000000","0.00037305","0.0070358030926336","0.030196120753"
"0.00000000","0.00037305","0.0070358030926336","0.031962460612"
"0.00000000","0.00037305","0.0070358030926336","0.032679556306"
"0.00000000","0.00037305","0.0070358030926336","0.032679556306"
"0.00000000","0.00037305","0.0070358030926336","0.033511014275"
"0.00000000","0.00037305","0.0070358030926336","0.033511014275"
"0.00000000","0.00037305","0.0070358030926336","0.033782142964"
"0.00000000","0.00037305","0.0070358030926336","0.034359867548"
"0.00000000","0.00037305","0.0070358030926336",""
"0.00000000","0.00037305","0.0070358030926336",""
"0.00000000","0.00037305","0.0070358030926336","0.036888417638"
"0.00000000","0.00037305","0.0070358030926336","0.036888417638"
"0.00000000","0.00037305","0.0070358030926336","0.037346788766"
"0.00000000","0.00037305","0.0070358030926336","0.03841663026"
"0.00000000","0.00037305","0.0070358030926336","0.038694352598"
"0.00000000","0.00037305","0.0070358030926336","0.03896758475"
"0.00000000","0.00037305","0.0070358030926336","0.039892304091"
"0.00000000","0.00037305","0.0070358030926336","0.040217623322"
"0.00000000","0.00037305","0.0070358030926336","0.040608158727"
"0.00000000","0.00037305","0.0070358030926336","0.041402235611"
"0.00000000","0.00037305","0.0070358030926336","0.042919128973"
"0.00000000","0.00037305","0.0070358030926336","0.043276328917"
"0.00000000","0.00037305","0.0070358030926336","0.043960264184"
"0.00000000","0.00037305","0.0070358030926336","0.044971852315"
"0.00000000","0.00037305","0.0070358030926336","0.045685193806"
"0.00000000","0.00037305","0.0070358030926336","0.045685193806"
"0.00000000","0.00037305","0.0070358030926336","0.046586399421"
"0.00000000","0.00037305","0.0070358030926336","0.04743294593"
"0.00000000","0.00037305","0.0070358030926336","0.049066828439"
"0.00000000","0.00037305","0.0070358030926336","0.050062482568"
"0.00000000","0.00037305","0.0070358030926336","0.050908349925"
"0.00000000","0.00037305","0.0070358030926336","0.051638409646"
"0.00000000","0.00037305","0.0070358030926336","0.052867105985"
"0.00000000","0.00037305","0.0070358030926336","0.053517330287"
"0.00000000","0.00037305","0.0070358030926336","0.053862071963"
"0.00000000","0.00037305","0.0070358030926336","0.054796812242"
"0.00000000","0.00037305","0.0070358030926336","0.055558599107"
"0.00000000","0.00037305","0.0070358030926336","0.056162312304"
"0.00000000","0.00037305","0.0070358030926336","0.056658602997"
"0.00000000","0.00037305","0.0070358030926336","0.056933624415"
"0.00000000","0.00037305","0.0070358030926336","0.057540908627"
"0.00000000","0.00037305","0.0070358030926336","0.058072782299"
"0.00000000","0.00037305","0.0070358030926336","0.058599786446"
"0.00000000","0.00037305","0.0070358030926336","0.058599786446"
"0.00000000","0.00037305","0.0070358030926336","0.058599786446"
"0.00000000","0.00037305","0.0070358030926336","0.059512003452"
"0.00000000","0.00037305","0.0070358030926336","0.05978416438"
"0.00000000","0.00037305","0.0070358030926336","0.061287172399"
"0.00000000","0.00037305","0.0070358030926336","0.061936864272"
"0.00000000","0.00037305","0.0070358030926336","0.063018072187"
"0.00000000","0.00037305","0.0070358030926336","0.063573567628"
"0.00000000","0.00037305","0.0070358030926336","0.064329023736"
"0.00000000","0.00037305","0.0070358030926336","0.065089384595"
"0.00000000","0.00037305","0.0070358030926336","0.06537178154"
"0.00000000","0.00037305","0.0070358030926336","0.065889129323"
"0.00000000","0.00037305","0.0070358030926336","0.066432230142"
"0.00000000","0.00037305","0.0070358030926336","0.067196132079"
"0.00000000","0.00037305","0.0070358030926336","0.067510269565"
"0.00000000","0.00037305","0.0070358030926336","0.067942670931"
"0.00000000","0.00037305","0.0070358030926336","0.06825551879"
"0.00000000","0.00037305","0.0070358030926336","0.069464346856"
"0.00000000","0.00037305","0.0070358030926336","0.070082511144"
"0.00000000","0.00037305","0.0070358030926336","0.070379226672"
"0.00000000","0.00037305","0.0070358030926336","0.072357216146"
"0.00000000","0.00037305","0.0070358030926336","0.073232583726"
"0.00000000","0.00037305","0.0070358030926336","0.07376051426"
"0.00000000","0.00037305","0.0070358030926336","0.07440994159"
"0.00000000","0.00037305","0.0070358030926336","0.074989469335"
"0.00000000","0.00037305","0.0070358030926336","0.075566865768"
"0.00000000","0.00037305","0.0070358030926336","0.075813074532"
"0.00000000","0.00037305","0.0070358030926336","0.076364445713"
"0.00000000","0.00037305","0.0070358030926336","0.076666806725"
"0.00000000","0.00037305","0.0070358030926336","0.077690138582"
"0.00000000","0.00037305","0.0070358030926336","0.078251631567"
"0.00000000","0.00037305","0.0070358030926336","0.079000307347"
"0.00000000","0.00037305","0.0070358030926336","0.0795350995"
"0.00000000","0.00037305","0.0070358030926336","0.080378826524"
"0.00000000","0.00037305","0.0070358030926336","0.081245912902"
"0.00000000","0.00037305","0.0070358030926336","0.083135693255"
"0.00000000","0.00037305","0.0070358030926336","0.084438453156"
"0.00000000","0.00037305","0.0070358030926336","0.085093693509"
"0.00000000","0.00037305","0.0070358030926336","0.085970730144"
"0.00000000","0.00037305","0.0070358030926336","0.085970730144"
"0.00000000","0.00037305","0.0070358030926336","0.087200197196"
"0.00000000","0.00037305","0.0070358030926336","0.087200197196"
"0.00000000","0.00037305","0.0070358030926336","0.087487033585"
"0.00000000","0.00037305","0.0070358030926336","0.087738976566"
"0.00000000","0.00037305","0.0070358030926336","0.08804720303"
"0.00000000","0.00037305","0.0070358030926336","0.088352927726"
"0.00000000","0.00037305","0.0070358030926336","0.088679021394"
"0.00000000","0.00037305","0.0070358030926336","0.088679021394"
"0.00000000","0.00037305","0.0070358030926336","0.089804361065"
"0.00000000","0.00037305","0.0070358030926336","0.090564045365"
"0.00000000","0.00037305","0.0070358030926336","0.091962185647"
"0.00000000","0.00037305","0.0070358030926336","0.092583529674"
"0.00000000","0.00037305","0.0070358030926336","0.094185147448"
"0.00000000","0.00037305","0.0070358030926336","0.094528736194"
"0.00000000","0.00037305","0.0070358030926336","0.09650126861"
"0.00000000","0.00037305","0.0070358030926336","0.097500049535"
"0.00000000","0.00037305","0.0070358030926336","0.098066018393"
"0.00000000","0.00037305","0.0070358030926336","0.098066018393"
